step,l_simple,l_align,total
1,2.1967484951019287,0.0,2.1967484951019287
2,2.0986592769622803,0.0,2.0986592769622803
3,2.0373425483703613,0.0,2.0373425483703613
4,1.98563551902771,0.0,1.98563551902771
5,2.054319143295288,0.0,2.054319143295288
6,2.0513319969177246,0.0,2.0513319969177246
7,2.035198211669922,0.0,2.035198211669922
8,1.9144091606140137,0.0,1.9144091606140137
9,1.9762941598892212,0.0,1.9762941598892212
10,1.6825380325317383,0.0,1.6825380325317383
11,1.8258849382400513,0.0,1.8258849382400513
12,1.7478443384170532,0.0,1.7478443384170532
13,1.8951869010925293,0.0,1.8951869010925293
14,1.9172828197479248,0.0,1.9172828197479248
15,1.9043892621994019,0.0,1.9043892621994019
16,1.7574794292449951,0.0,1.7574794292449951
17,1.8797026872634888,0.0,1.8797026872634888
18,1.7190148830413818,0.0,1.7190148830413818
19,1.944504976272583,0.0,1.944504976272583
20,1.6586345434188843,0.0,1.6586345434188843
21,2.0181660652160645,0.0,2.0181660652160645
22,1.8234463930130005,0.0,1.8234463930130005
23,1.7708473205566406,0.0,1.7708473205566406
24,1.7747406959533691,0.0,1.7747406959533691
25,1.7466435432434082,0.0,1.7466435432434082
26,1.8388636112213135,0.0,1.8388636112213135
27,1.861283302307129,0.0,1.861283302307129
28,1.9458329677581787,0.0,1.9458329677581787
29,1.5522536039352417,0.0,1.5522536039352417
30,1.6256976127624512,0.0,1.6256976127624512
31,1.672913670539856,0.0,1.672913670539856
32,1.893691062927246,0.0,1.893691062927246
33,1.649848461151123,0.0,1.649848461151123
34,1.6768567562103271,0.0,1.6768567562103271
35,1.848649024963379,0.0,1.848649024963379
36,1.7831100225448608,0.0,1.7831100225448608
37,1.701449990272522,0.0,1.701449990272522
38,1.7311434745788574,0.0,1.7311434745788574
39,2.0491490364074707,0.0,2.0491490364074707
40,1.7329833507537842,0.0,1.7329833507537842
41,1.765514612197876,0.0,1.765514612197876
42,1.7219209671020508,0.0,1.7219209671020508
43,1.7513073682785034,0.0,1.7513073682785034
44,1.9509378671646118,0.0,1.9509378671646118
45,1.56766939163208,0.0,1.56766939163208
46,1.6194641590118408,0.0,1.6194641590118408
47,1.6623594760894775,0.0,1.6623594760894775
48,1.6358661651611328,0.0,1.6358661651611328
49,1.6419250965118408,0.0,1.6419250965118408
50,1.6082069873809814,0.0,1.6082069873809814
51,1.5672290325164795,0.0,1.5672290325164795
52,1.5955787897109985,0.0,1.5955787897109985
53,1.5190112590789795,0.0,1.5190112590789795
54,1.495064616203308,0.0,1.495064616203308
55,1.5601557493209839,0.0,1.5601557493209839
56,1.4958420991897583,0.0,1.4958420991897583
57,1.817810297012329,0.0,1.817810297012329
58,1.6739393472671509,0.0,1.6739393472671509
59,1.6664459705352783,0.0,1.6664459705352783
60,1.4177788496017456,0.0,1.4177788496017456
61,1.7128599882125854,0.0,1.7128599882125854
62,1.7160944938659668,0.0,1.7160944938659668
63,1.5311710834503174,0.0,1.5311710834503174
64,1.4630367755889893,0.0,1.4630367755889893
65,1.8221944570541382,0.0,1.8221944570541382
66,1.5716688632965088,0.0,1.5716688632965088
67,1.746938943862915,0.0,1.746938943862915
68,1.713735818862915,0.0,1.713735818862915
69,1.4053442478179932,0.0,1.4053442478179932
70,1.6461541652679443,0.0,1.6461541652679443
71,1.4889312982559204,0.0,1.4889312982559204
72,1.5187501907348633,0.0,1.5187501907348633
73,1.6298867464065552,0.0,1.6298867464065552
74,1.629582405090332,0.0,1.629582405090332
75,1.59086012840271,0.0,1.59086012840271
76,1.8166706562042236,0.0,1.8166706562042236
77,1.4789692163467407,0.0,1.4789692163467407
78,1.4649591445922852,0.0,1.4649591445922852
79,1.5132458209991455,0.0,1.5132458209991455
80,1.5279278755187988,0.0,1.5279278755187988
81,1.652814507484436,0.0,1.652814507484436
82,1.705088496208191,0.0,1.705088496208191
83,1.3873281478881836,0.0,1.3873281478881836
84,1.410720705986023,0.0,1.410720705986023
85,1.4737567901611328,0.0,1.4737567901611328
86,1.5269683599472046,0.0,1.5269683599472046
87,1.4622020721435547,0.0,1.4622020721435547
88,1.62344229221344,0.0,1.62344229221344
89,1.5424790382385254,0.0,1.5424790382385254
90,1.579535961151123,0.0,1.579535961151123
91,1.3748502731323242,0.0,1.3748502731323242
92,1.4525821208953857,0.0,1.4525821208953857
93,1.4245960712432861,0.0,1.4245960712432861
94,1.6719303131103516,0.0,1.6719303131103516
95,1.3967469930648804,0.0,1.3967469930648804
96,1.485929250717163,0.0,1.485929250717163
97,1.5228898525238037,0.0,1.5228898525238037
98,1.5585678815841675,0.0,1.5585678815841675
99,1.3652358055114746,0.0,1.3652358055114746
100,1.371753454208374,0.0,1.371753454208374
101,1.3023231029510498,0.0,1.3023231029510498
102,1.5914512872695923,0.0,1.5914512872695923
103,1.363468885421753,0.0,1.363468885421753
104,1.3412938117980957,0.0,1.3412938117980957
105,1.4487817287445068,0.0,1.4487817287445068
106,1.3443348407745361,0.0,1.3443348407745361
107,1.3582205772399902,0.0,1.3582205772399902
108,1.3786897659301758,0.0,1.3786897659301758
109,1.2544102668762207,0.0,1.2544102668762207
110,1.3531888723373413,0.0,1.3531888723373413
111,1.3027851581573486,0.0,1.3027851581573486
112,1.3388829231262207,0.0,1.3388829231262207
113,1.3529342412948608,0.0,1.3529342412948608
114,1.4641462564468384,0.0,1.4641462564468384
115,1.3453679084777832,0.0,1.3453679084777832
116,1.271914005279541,0.0,1.271914005279541
117,1.2631275653839111,0.0,1.2631275653839111
118,1.2230863571166992,0.0,1.2230863571166992
119,1.3577405214309692,0.0,1.3577405214309692
120,1.3455452919006348,0.0,1.3455452919006348
121,1.25798499584198,0.0,1.25798499584198
122,1.159576177597046,0.0,1.159576177597046
123,1.2173120975494385,0.0,1.2173120975494385
124,1.1149101257324219,0.0,1.1149101257324219
125,1.2444515228271484,0.0,1.2444515228271484
126,1.3154807090759277,0.0,1.3154807090759277
127,1.140910267829895,0.0,1.140910267829895
128,1.0528743267059326,0.0,1.0528743267059326
129,1.184230089187622,0.0,1.184230089187622
130,1.33980131149292,0.0,1.33980131149292
131,1.1368522644042969,0.0,1.1368522644042969
132,1.0322424173355103,0.0,1.0322424173355103
133,1.0484857559204102,0.0,1.0484857559204102
134,1.2755075693130493,0.0,1.2755075693130493
135,1.1093932390213013,0.0,1.1093932390213013
136,1.1278914213180542,0.0,1.1278914213180542
137,1.1636192798614502,0.0,1.1636192798614502
138,1.3013700246810913,0.0,1.3013700246810913
139,1.0168653726577759,0.0,1.0168653726577759
140,1.2561490535736084,0.0,1.2561490535736084
141,0.9587037563323975,0.0,0.9587037563323975
142,1.1647534370422363,0.0,1.1647534370422363
143,1.3451002836227417,0.0,1.3451002836227417
144,1.119838833808899,0.0,1.119838833808899
145,1.2904741764068604,0.0,1.2904741764068604
146,1.0369040966033936,0.0,1.0369040966033936
147,1.0379565954208374,0.0,1.0379565954208374
148,1.0595848560333252,0.0,1.0595848560333252
149,1.13754141330719,0.0,1.13754141330719
150,1.224625587463379,0.0,1.224625587463379
151,1.227508544921875,0.0,1.227508544921875
152,1.1072673797607422,0.0,1.1072673797607422
153,1.2596921920776367,0.0,1.2596921920776367
154,1.0441138744354248,0.0,1.0441138744354248
155,0.9589711427688599,0.0,0.9589711427688599
156,1.2337284088134766,0.0,1.2337284088134766
157,1.2251558303833008,0.0,1.2251558303833008
158,1.1818121671676636,0.0,1.1818121671676636
159,1.017684817314148,0.0,1.017684817314148
160,1.162169337272644,0.0,1.162169337272644
161,1.1704795360565186,0.0,1.1704795360565186
162,1.1825597286224365,0.0,1.1825597286224365
163,1.1433477401733398,0.0,1.1433477401733398
164,1.1249687671661377,0.0,1.1249687671661377
165,1.1306229829788208,0.0,1.1306229829788208
166,1.0555567741394043,0.0,1.0555567741394043
167,1.0854716300964355,0.0,1.0854716300964355
168,1.0122616291046143,0.0,1.0122616291046143
169,1.029980182647705,0.0,1.029980182647705
170,1.4321860074996948,0.0,1.4321860074996948
171,1.0842314958572388,0.0,1.0842314958572388
172,0.9472161531448364,0.0,0.9472161531448364
173,1.1557388305664062,0.0,1.1557388305664062
174,1.1526315212249756,0.0,1.1526315212249756
175,0.9686750769615173,0.0,0.9686750769615173
176,0.9331997632980347,0.0,0.9331997632980347
177,1.201054334640503,0.0,1.201054334640503
178,1.0736274719238281,0.0,1.0736274719238281
179,1.0865721702575684,0.0,1.0865721702575684
180,1.0130375623703003,0.0,1.0130375623703003
181,1.1157950162887573,0.0,1.1157950162887573
182,1.053305983543396,0.0,1.053305983543396
183,1.0806941986083984,0.0,1.0806941986083984
184,1.1698296070098877,0.0,1.1698296070098877
185,0.9696561098098755,0.0,0.9696561098098755
186,1.0038552284240723,0.0,1.0038552284240723
187,1.0334105491638184,0.0,1.0334105491638184
188,1.1039621829986572,0.0,1.1039621829986572
189,1.1413511037826538,0.0,1.1413511037826538
190,1.1960525512695312,0.0,1.1960525512695312
191,1.0918214321136475,0.0,1.0918214321136475
192,1.1087369918823242,0.0,1.1087369918823242
193,1.154623031616211,0.0,1.154623031616211
194,0.9694878458976746,0.0,0.9694878458976746
195,1.2929189205169678,0.0,1.2929189205169678
196,1.006719708442688,0.0,1.006719708442688
197,1.1083834171295166,0.0,1.1083834171295166
198,1.0826951265335083,0.0,1.0826951265335083
199,1.0835515260696411,0.0,1.0835515260696411
200,0.8348857164382935,0.0,0.8348857164382935
201,1.146916389465332,0.0,1.146916389465332
202,1.0197606086730957,0.0,1.0197606086730957
203,1.4003520011901855,0.0,1.4003520011901855
204,1.0617966651916504,0.0,1.0617966651916504
205,1.0398950576782227,0.0,1.0398950576782227
206,1.115837812423706,0.0,1.115837812423706
207,1.1412303447723389,0.0,1.1412303447723389
208,1.1288878917694092,0.0,1.1288878917694092
209,1.1655941009521484,0.0,1.1655941009521484
210,1.1546751260757446,0.0,1.1546751260757446
211,1.043233036994934,0.0,1.043233036994934
212,1.027602195739746,0.0,1.027602195739746
213,1.0576857328414917,0.0,1.0576857328414917
214,1.1740634441375732,0.0,1.1740634441375732
215,0.9907455444335938,0.0,0.9907455444335938
216,1.1196138858795166,0.0,1.1196138858795166
217,1.0713908672332764,0.0,1.0713908672332764
218,1.0108667612075806,0.0,1.0108667612075806
219,1.11506986618042,0.0,1.11506986618042
220,1.2336299419403076,0.0,1.2336299419403076
221,1.0918169021606445,0.0,1.0918169021606445
222,0.9811794757843018,0.0,0.9811794757843018
223,1.0255101919174194,0.0,1.0255101919174194
224,1.1305561065673828,0.0,1.1305561065673828
225,1.1031177043914795,0.0,1.1031177043914795
226,0.9221066832542419,0.0,0.9221066832542419
227,1.0121581554412842,0.0,1.0121581554412842
228,0.9828847050666809,0.0,0.9828847050666809
229,0.9258373975753784,0.0,0.9258373975753784
230,0.9324372410774231,0.0,0.9324372410774231
231,1.0500843524932861,0.0,1.0500843524932861
232,0.8967890739440918,0.0,0.8967890739440918
233,0.9186109900474548,0.0,0.9186109900474548
234,0.9690968990325928,0.0,0.9690968990325928
235,1.153714656829834,0.0,1.153714656829834
236,0.9515211582183838,0.0,0.9515211582183838
237,0.978861927986145,0.0,0.978861927986145
238,1.0183030366897583,0.0,1.0183030366897583
239,1.0680389404296875,0.0,1.0680389404296875
240,0.8151549696922302,0.0,0.8151549696922302
241,1.040318250656128,0.0,1.040318250656128
242,1.1151165962219238,0.0,1.1151165962219238
243,0.9850181341171265,0.0,0.9850181341171265
244,1.0699117183685303,0.0,1.0699117183685303
245,1.0775693655014038,0.0,1.0775693655014038
246,1.0798583030700684,0.0,1.0798583030700684
247,1.0020886659622192,0.0,1.0020886659622192
248,1.0559121370315552,0.0,1.0559121370315552
249,0.9116486310958862,0.0,0.9116486310958862
250,1.0805797576904297,0.0,1.0805797576904297
251,1.026160717010498,0.0,1.026160717010498
252,1.128509759902954,0.0,1.128509759902954
253,1.122334599494934,0.0,1.122334599494934
254,1.0722126960754395,0.0,1.0722126960754395
255,0.8351188898086548,0.0,0.8351188898086548
256,0.9007114171981812,0.0,0.9007114171981812
257,0.9362756013870239,0.0,0.9362756013870239
258,1.076570987701416,0.0,1.076570987701416
259,0.9872437119483948,0.0,0.9872437119483948
260,0.9734628200531006,0.0,0.9734628200531006
261,1.0085009336471558,0.0,1.0085009336471558
262,1.102840781211853,0.0,1.102840781211853
263,0.9868887662887573,0.0,0.9868887662887573
264,0.8558922410011292,0.0,0.8558922410011292
265,0.8994423747062683,0.0,0.8994423747062683
266,0.8386473655700684,0.0,0.8386473655700684
267,0.9731153249740601,0.0,0.9731153249740601
268,1.0088889598846436,0.0,1.0088889598846436
269,1.0474457740783691,0.0,1.0474457740783691
270,0.8600889444351196,0.0,0.8600889444351196
271,0.9692777395248413,0.0,0.9692777395248413
272,1.0835577249526978,0.0,1.0835577249526978
273,0.9444515109062195,0.0,0.9444515109062195
274,0.9539610743522644,0.0,0.9539610743522644
275,1.175531268119812,0.0,1.175531268119812
276,0.856073796749115,0.0,0.856073796749115
277,0.8207601308822632,0.0,0.8207601308822632
278,0.8078129291534424,0.0,0.8078129291534424
279,0.9036569595336914,0.0,0.9036569595336914
280,1.0907025337219238,0.0,1.0907025337219238
281,0.9398616552352905,0.0,0.9398616552352905
282,1.0636897087097168,0.0,1.0636897087097168
283,1.0931496620178223,0.0,1.0931496620178223
284,1.112657070159912,0.0,1.112657070159912
285,0.8944380879402161,0.0,0.8944380879402161
286,0.805941641330719,0.0,0.805941641330719
287,1.008070468902588,0.0,1.008070468902588
288,0.9320661425590515,0.0,0.9320661425590515
289,1.1285548210144043,0.0,1.1285548210144043
290,0.844756543636322,0.0,0.844756543636322
291,0.9906244874000549,0.0,0.9906244874000549
292,0.8344873785972595,0.0,0.8344873785972595
293,0.8059684038162231,0.0,0.8059684038162231
294,0.8333817720413208,0.0,0.8333817720413208
295,0.9222103953361511,0.0,0.9222103953361511
296,0.8439383506774902,0.0,0.8439383506774902
297,1.0538690090179443,0.0,1.0538690090179443
298,0.9696316719055176,0.0,0.9696316719055176
299,1.1211578845977783,0.0,1.1211578845977783
300,1.0868377685546875,0.0,1.0868377685546875
